futas_azonosito,lepesek_szama,befejezes_oka,eltolas_meterben,simitas,celtol_valo_tavolsag (m),legkozelebbi_akadaly_tavolsag,ossz_haladas,kapott_pontszam,modell_fajl
run_20260215_131332,1333,goal,0.0054,0.2500,0.7814,0.8371,13.2900,879.9900,./ppo_runs/run_20260215_131332/latest_2026-02-15_131332.pth
run_20260215_131803,1350,goal,0.0423,0.2500,0.7973,0.6710,13.2741,878.2741,./ppo_runs/run_20260215_131803/latest_2026-02-15_131803.pth
run_20260215_132227,1339,goal,0.0437,0.2500,0.7959,0.6443,13.2755,879.3755,./ppo_runs/run_20260215_132227/latest_2026-02-15_132227.pth
run_20260215_132646,1272,goal,0.0334,0.2500,0.7984,0.8641,13.2730,886.0730,./ppo_runs/run_20260215_132646/latest_2026-02-15_132646.pth
run_20260215_133215,1264,goal,0.0500,0.2500,0.7898,0.6811,13.2817,886.8817,./ppo_runs/run_20260215_133215/latest_2026-02-15_133215.pth
run_20260215_134040,1243,goal,0.0367,0.2500,0.7977,0.8092,13.2737,888.9737,./ppo_runs/run_20260215_134040/ppo_ep_1.pth
run_20260215_135537,1246,goal,0.0262,0.2500,0.7773,0.8284,13.2941,888.6941,./ppo_runs/run_20260215_135537/latest_2026-02-15_135537.pth
run_20260215_140010,1249,goal,0.0273,0.2500,0.7766,0.8243,13.2948,888.3948,./ppo_runs/run_20260215_140010/latest_2026-02-15_140010.pth
run_20260215_141805,1266,goal,0.0287,0.2500,0.7878,0.7084,13.2836,886.6836,./ppo_runs/run_20260215_141805/latest_2026-02-15_141805.pth
